debugWmTTc:debugYkrMz,engagement,5
debugWmTTc:debugYkrMz,difficulty,5
debugibSdg:debugeZ1CR,engagement,5
debugibSdg:debugeZ1CR,difficulty,5
debugxcIhA:debugx4t4v,engagement,5
debugxcIhA:debugx4t4v,difficulty,5
debugSDTng:debugtuE8u,engagement,9
debugSDTng:debugtuE8u,difficulty,1
debugvgeKU:debugl9KLY,engagement,10
debugvgeKU:debugl9KLY,difficulty,9
debugpjzVI:debugHgVPK,difficulty,5
debugpjzVI:debugHgVPK,engagement,5
A1FLB9SZJSP3ZZ:3DR23U6WEK3XB9GQ4A5MHNYV4TVET0,engagement,5
A1FLB9SZJSP3ZZ:3DR23U6WEK3XB9GQ4A5MHNYV4TVET0,difficulty,5
